a24ec8,::1,GET,http://localhost:8888/ZackWolf/web/app_dev.php,1529083559,
f2122a,::1,GET,http://localhost:8888/ZackWolf/web/app_dev.php/,1529083559,
579859,::1,GET,http://localhost:8888/ZackWolf/web/app_dev.php/login,1529083559,
2027e5,::1,GET,http://localhost:8888/ZackWolf/web/app_dev.php/register,1529083577,
f0e5a0,::1,GET,http://localhost:8888/ZackWolf/web/app_dev.php/register,1529083609,3a25f2
3a25f2,::1,POST,http://localhost:8888/ZackWolf/web/app_dev.php/register,1529083609,
a6da33,::1,POST,http://localhost:8888/ZackWolf/web/app_dev.php/register,1529083806,
006e59,::1,GET,http://localhost:8888/ZackWolf/web/app_dev.php/login,1529083806,
415b2b,::1,POST,http://localhost:8888/ZackWolf/web/app_dev.php/login,1529083819,
076ab6,::1,GET,http://localhost:8888/ZackWolf/web/app_dev.php/?id=5,1529083820,
57ae7a,::1,GET,http://localhost:8888/ZackWolf/web/app_dev.php/insert,1529083826,
f76bd5,::1,POST,http://localhost:8888/ZackWolf/web/app_dev.php/insert,1529083842,
f8db8d,::1,GET,http://localhost:8888/ZackWolf/web/app_dev.php/,1529083842,
